ep_mean_rew,ep_max_rew,ep_min_rew,ep_std_rew,ep_mean_len,ep_max_len,ep_min_len,ep_std_len
851.1204294456704,3334.7183718681335,225.4369522961788,715.0156184465387,204.57,228.0,85.0,39.20159563079034
