ep_mean_rew,ep_max_rew,ep_min_rew,ep_std_rew,ep_mean_len,ep_max_len,ep_min_len,ep_std_len
1734.6262351210921,3121.796053290367,-799.86083984375,789.785776007282,111.28,228.0,2.0,34.738186481162195
