ep_mean_rew,ep_max_rew,ep_min_rew,ep_std_rew,ep_mean_len,ep_max_len,ep_min_len,ep_std_len
1705.103063227008,3068.044433295727,351.6329402830452,757.2306210163619,137.7,228.0,56.0,49.420744632188615
