ep_mean_rew,ep_max_rew,ep_min_rew,ep_std_rew,ep_mean_len,ep_max_len,ep_min_len,ep_std_len
53382.730186424254,99668.95490264893,23225.399154663086,16349.381418620676,111.72,228.0,56.0,33.92405636123133
