ep_mean_rew,ep_max_rew,ep_min_rew,ep_std_rew,ep_mean_len,ep_max_len,ep_min_len,ep_std_len
45709.33142589569,94035.8561668396,19043.349838256836,13395.550257032477,94.14,228.0,51.0,34.969992851014425
