ep_mean_rew,ep_max_rew,ep_min_rew,ep_std_rew,ep_mean_len,ep_max_len,ep_min_len,ep_std_len
69657.22129627228,176095.54718780518,28992.843711853027,24789.043710902573,201.86,228.0,89.0,39.99250429768058
